{
  "Buy & Hold": {
    "total_return": 0.3243305059022348,
    "ann_return": 1.7490774741141673,
    "ann_vol": 0.3358378445753751,
    "sharpe": 5.208101176938075,
    "max_drawdown": -0.08330057142708609,
    "calmar": 20.9971845576766,
    "sortino": 9.89516467943657,
    "win_rate": 0.5714285714285714,
    "total_costs": 79.67533738739064,
    "trade_count": 2,
    "episode_length": 70
  },
  "MA Crossover": {
    "total_return": -0.2409472659493348,
    "ann_return": -0.7371067443735235,
    "ann_vol": 0.33907784341958835,
    "sharpe": -2.1738570020454353,
    "max_drawdown": -0.2797843086479843,
    "calmar": -2.6345535518843994,
    "sortino": -2.9508629802078454,
    "win_rate": 0.38461538461538464,
    "total_costs": 80.22667161260938,
    "trade_count": 2,
    "episode_length": 52
  },
  "Random": {
    "total_return": -0.0062128852060088224,
    "ann_return": 0.0024715106030473778,
    "ann_vol": 0.1454948836825134,
    "sharpe": 0.004597086769714575,
    "max_drawdown": -0.08148362021663737,
    "calmar": 1.6299007138179018,
    "sortino": 0.24830469096978214,
    "win_rate": 0.4685714285714286,
    "total_costs": 1628.5507042121224,
    "trade_count": 69.4,
    "episode_length": 70.0
  },
  "Momentum": {
    "total_return": 0.2436210837295396,
    "ann_return": 1.1921843574927582,
    "ann_vol": 0.32358424714452727,
    "sharpe": 3.684309009615799,
    "max_drawdown": -0.08330057142708597,
    "calmar": 14.311838870218414,
    "sortino": 6.483296464528055,
    "win_rate": 0.5571428571428572,
    "total_costs": 384.3470830305332,
    "trade_count": 12,
    "episode_length": 70
  }
}