comparison,dm_stat,p_value,significance,n_obs
standard_ppo,-0.6180770418995497,0.5365245550772872,ns,3545
no_adaptive_clip,-0.4281083659327964,0.6685722262275182,ns,3690
no_regime_critic,0.44840548540581,0.6538605836776923,ns,3690
buy_and_hold,-0.987530108431063,0.3233828302916746,ns,1878
