{
  "learning_rate": 1.1248613366724763e-05,
  "n_steps": 256,
  "batch_size": 64,
  "n_epochs": 12,
  "gamma": 0.9662147292485339,
  "gae_lambda": 0.9589030964252582,
  "ent_coef": 0.0008764764861015512,
  "max_grad_norm": 0.9972118925528495,
  "eps_base": 0.23230408393616414,
  "eps_alpha": 0.45435558831672274,
  "eps_min": 0.04493539613485809,
  "eps_max": 0.33869593386733576,
  "w_return_raw": 0.3809305251510433,
  "w_sharpe_raw": 0.29131224257759475,
  "w_drawdown_raw": 0.11564627481206255,
  "w_transaction_raw": 0.05079510156356509
}