{
  "n_episodes": 170,
  "mean_sharpe": -0.6695608941319741,
  "final_alpha": 0.10000000149011612,
  "final_clip_eps": 0.24724400639533997,
  "test_sharpe": -1.164524088881742,
  "test_return": -0.08996801790720255,
  "test_max_dd": -0.11623193353303872
}